timestamp,method,Problem,MSE_test,MSE_sur,MSE_clip,MSE_clip (improvement),MSE_xy_shift,MSE_xy_shift (improvement),MSE_x_shift,MSE_x_shift (improvement),MSE_y_shift,MSE_y_shift (improvement),MSE_no_clip,MSE_no_clip (improvement),IGD+_real,IGD+_sur,IGD+_clip,IGD+_clip (improvement),IGD+_xy_shift,IGD+_xy_shift (improvement),IGD+_x_shift,IGD+_x_shift (improvement),IGD+_y_shift,IGD+_y_shift (improvement),IGD+_no_clip,IGD+_no_clip (improvement),HV_sur,HV_real,HV_clip,HV_clip (improvement),HV_xy_shift,HV_xy_shift (improvement),HV_x_shift,HV_x_shift (improvement),HV_y_shift,HV_y_shift (improvement),HV_no_clip,HV_no_clip (improvement),pvalue_HV_xy_shift_vs_HV_sur
2026-07-05T15:43:23+01:00,Autogluon_QR+NSGA-II,dtlz1,5.056e+03±9.095e-13,6.098e+03±1.949e+03,6.098e+03±1.949e+03,0.0±0.0%,6.794e+03±2.141e+03,-11.6±2.8%,6.794e+03±2.141e+03,-11.6±2.8%,6.794e+03±2.141e+03,-11.6±2.8%,6.803e+03±2.141e+03,-11.7±2.8%,1.622e+02±2.338e+01,2.236e+02±2.412e-01,2.236e+02±2.412e-01,0.0±0.0%,2.086e+02±8.842e-01,6.7±0.4%,2.086e+02±8.842e-01,6.7±0.4%,2.086e+02±8.842e-01,6.7±0.4%,2.086e+02±8.842e-01,6.7±0.4%,1.079±0.002,1.129±0.015,1.079±0.002,0.0±0.0%,1.098±0.002,43.8±16.3%,1.098±0.002,43.8±16.3%,1.098±0.002,43.8±16.3%,1.107±0.002,59.1±16.3%,0.000
2026-07-05T15:58:18+01:00,Autogluon_QR+Dual-Ranking+NSGA-II,dtlz1,5.056e+03±9.095e-13,5.052e+03±1.032e+03,5.052e+03±1.032e+03,0.0±0.0%,5.392e+03±1.124e+03,-6.7±3.3%,5.392e+03±1.124e+03,-6.7±3.3%,5.392e+03±1.124e+03,-6.7±3.3%,5.393e+03±1.124e+03,-6.7±3.3%,1.702e+02±3.105e+01,2.356e+02±9.380e+00,2.356e+02±9.380e+00,0.0±0.0%,2.232e+02±9.273e+00,5.3±0.5%,2.232e+02±9.273e+00,5.3±0.5%,2.232e+02±9.273e+00,5.3±0.5%,2.232e+02±9.273e+00,5.3±0.5%,1.060±0.005,1.119±0.021,1.060±0.005,0.0±0.0%,1.081±0.005,41.6±17.3%,1.081±0.005,41.6±17.3%,1.081±0.005,41.6±17.3%,1.086±0.005,47.3±17.1%,0.000
2026-07-05T16:11:45+01:00,Autogluon_QR+MOEAD,dtlz1,5.056e+03±9.095e-13,5.179e+03±3.583e+03,5.179e+03±3.583e+03,0.0±0.0%,5.632e+03±3.831e+03,-8.9±9.5%,5.632e+03±3.831e+03,-8.9±9.5%,5.632e+03±3.831e+03,-8.9±9.5%,5.633e+03±3.831e+03,-9.0±9.5%,1.898e+02±3.828e+01,2.387e+02±7.720e+00,2.387e+02±7.720e+00,0.0±0.0%,2.279e+02±9.627e+00,4.5±1.4%,2.279e+02±9.627e+00,4.5±1.4%,2.279e+02±9.627e+00,4.5±1.4%,2.279e+02±9.627e+00,4.5±1.4%,1.048±0.008,1.067±0.037,1.048±0.008,0.0±0.0%,1.069±0.009,-727.2±3640.2%,1.069±0.009,-727.2±3640.2%,1.069±0.009,-727.2±3640.2%,1.070±0.011,-878.0±4403.9%,0.000
2026-07-05T16:24:52+01:00,Autogluon_QR+SMS-EMOA,dtlz1,5.056e+03±9.095e-13,5.991e+03±1.575e+03,5.991e+03±1.575e+03,0.0±0.0%,6.737e+03±1.695e+03,-12.8±2.6%,6.737e+03±1.695e+03,-12.8±2.6%,6.737e+03±1.695e+03,-12.8±2.6%,6.743e+03±1.695e+03,-13.0±2.6%,1.691e+02±2.061e+01,2.236e+02±1.857e-01,2.236e+02±1.857e-01,0.0±0.0%,2.091e+02±8.584e-01,6.5±0.4%,2.091e+02±8.584e-01,6.5±0.4%,2.091e+02±8.584e-01,6.5±0.4%,2.091e+02±8.584e-01,6.5±0.4%,1.079±0.001,1.123±0.012,1.079±0.001,0.0±0.0%,1.098±0.001,47.4±15.6%,1.098±0.001,47.4±15.6%,1.098±0.001,47.4±15.6%,1.106±0.002,62.1±14.7%,0.000
2026-07-05T16:43:19+01:00,Autogluon_QR+NSGA-II,dtlz2,2.178e-02±3.469e-18,2.446e-02±2.981e-03,2.446e-02±2.981e-03,0.0±0.0%,1.787e-02±2.583e-03,27.0±3.9%,1.787e-02±2.583e-03,27.0±3.9%,1.787e-02±2.583e-03,27.0±3.9%,1.787e-02±2.583e-03,27.0±3.9%,1.552e-01±2.345e-02,3.896e-01±9.320e-04,3.896e-01±9.320e-04,0.0±0.0%,3.472e-01±3.167e-03,10.9±0.8%,3.472e-01±3.167e-03,10.9±0.8%,3.472e-01±3.167e-03,10.9±0.8%,3.472e-01±3.167e-03,10.9±0.8%,0.981±0.000,1.073±0.006,0.981±0.000,0.0±0.0%,1.009±0.002,31.1±3.5%,1.009±0.002,31.1±3.5%,1.009±0.002,31.1±3.5%,1.009±0.002,31.2±3.7%,0.000
2026-07-05T17:01:29+01:00,Autogluon_QR+Dual-Ranking+NSGA-II,dtlz2,2.178e-02±3.469e-18,5.569e-02±8.280e-03,5.569e-02±8.280e-03,0.0±0.0%,4.445e-02±7.221e-03,20.3±2.0%,4.445e-02±7.221e-03,20.3±2.0%,4.445e-02±7.221e-03,20.3±2.0%,4.445e-02±7.221e-03,20.3±2.0%,1.053e-01±1.955e-02,4.709e-01±9.989e-03,4.709e-01±9.989e-03,0.0±0.0%,4.321e-01±9.774e-03,8.2±0.8%,4.321e-01±9.774e-03,8.2±0.8%,4.321e-01±9.774e-03,8.2±0.8%,4.321e-01±9.774e-03,8.2±0.8%,0.961±0.002,1.084±0.005,0.961±0.002,0.0±0.0%,0.986±0.003,20.2±2.0%,0.986±0.003,20.2±2.0%,0.986±0.003,20.2±2.0%,0.986±0.003,20.3±2.1%,0.000
2026-07-05T17:19:55+01:00,Autogluon_QR+MOEAD,dtlz2,2.178e-02±3.469e-18,2.995e-02±1.534e-02,2.995e-02±1.534e-02,0.0±0.0%,2.448e-02±1.261e-02,18.2±7.1%,2.492e-02±1.316e-02,17.0±9.9%,2.418e-02±1.242e-02,19.1±6.8%,2.448e-02±1.261e-02,18.2±7.1%,2.198e-01±6.072e-02,4.371e-01±3.107e-02,4.371e-01±3.107e-02,0.0±0.0%,4.062e-01±3.451e-02,7.1±2.6%,4.080e-01±3.729e-02,6.7±3.7%,4.044e-01±3.327e-02,7.5±2.5%,4.062e-01±3.451e-02,7.1±2.6%,0.952±0.011,1.041±0.021,0.952±0.011,0.0±0.0%,0.972±0.014,23.6±9.3%,0.971±0.016,22.6±11.7%,0.973±0.014,24.7±8.7%,0.972±0.014,23.6±9.3%,0.000
2026-07-05T17:38:09+01:00,Autogluon_QR+SMS-EMOA,dtlz2,2.178e-02±3.469e-18,2.656e-02±3.792e-03,2.656e-02±3.792e-03,0.0±0.0%,1.883e-02±2.953e-03,29.2±2.5%,1.883e-02±2.953e-03,29.2±2.5%,1.883e-02±2.953e-03,29.2±2.5%,1.883e-02±2.953e-03,29.2±2.5%,1.476e-01±1.790e-02,3.893e-01±6.380e-04,3.893e-01±6.380e-04,0.0±0.0%,3.438e-01±2.650e-03,11.7±0.7%,3.438e-01±2.650e-03,11.7±0.7%,3.438e-01±2.650e-03,11.7±0.7%,3.438e-01±2.650e-03,11.7±0.7%,0.981±0.000,1.075±0.005,0.981±0.000,0.0±0.0%,1.011±0.002,32.3±2.5%,1.011±0.002,32.3±2.5%,1.011±0.002,32.3±2.5%,1.011±0.002,32.6±2.6%,0.000
2026-07-05T17:51:20+01:00,Autogluon_QR+NSGA-II,dtlz3,2.899e+04±7.276e-12,2.179e+04±5.553e+03,2.179e+04±5.553e+03,0.0±0.0%,2.135e+04±5.903e+03,2.3±5.7%,2.135e+04±5.903e+03,2.3±5.7%,2.135e+04±5.903e+03,2.3±5.7%,2.138e+04±5.901e+03,2.2±5.7%,3.469e+02±6.558e+01,5.737e+02±6.045e+00,5.737e+02±6.045e+00,0.0±0.0%,5.382e+02±6.343e+00,6.2±0.3%,5.382e+02±6.343e+00,6.2±0.3%,5.382e+02±6.343e+00,6.2±0.3%,5.382e+02±6.343e+00,6.2±0.3%,1.068±0.001,1.149±0.013,1.068±0.001,0.0±0.0%,1.091±0.001,29.1±4.8%,1.091±0.001,29.1±4.8%,1.091±0.001,29.1±4.8%,1.097±0.002,36.9±6.2%,0.000
2026-07-05T18:04:23+01:00,Autogluon_QR+Dual-Ranking+NSGA-II,dtlz3,2.899e+04±7.276e-12,3.051e+04±1.034e+04,3.051e+04±1.034e+04,0.0±0.0%,3.299e+04±1.124e+04,-8.0±2.5%,3.299e+04±1.124e+04,-8.0±2.5%,3.299e+04±1.124e+04,-8.0±2.5%,3.300e+04±1.125e+04,-8.0±2.5%,4.262e+02±9.281e+01,5.938e+02±1.861e+01,5.938e+02±1.861e+01,0.0±0.0%,5.668e+02±1.939e+01,4.5±0.5%,5.668e+02±1.939e+01,4.5±0.5%,5.668e+02±1.939e+01,4.5±0.5%,5.668e+02±1.939e+01,4.5±0.5%,1.049±0.004,1.111±0.024,1.049±0.004,0.0±0.0%,1.070±0.005,39.8±16.8%,1.070±0.005,39.8±16.8%,1.070±0.005,39.8±16.8%,1.073±0.005,44.3±19.2%,0.000
2026-07-05T18:17:26+01:00,Autogluon_QR+MOEAD,dtlz3,2.899e+04±7.276e-12,3.596e+04±3.107e+04,3.596e+04±3.107e+04,0.0±0.0%,4.151e+04±3.359e+04,-20.1±12.1%,4.146e+04±3.361e+04,-19.9±12.2%,4.179e+04±3.341e+04,-22.0±12.5%,4.152e+04±3.358e+04,-20.3±12.4%,5.351e+02±9.757e+01,5.923e+02±1.573e+01,5.923e+02±1.573e+01,0.0±0.0%,5.544e+02±1.936e+01,6.4±1.8%,5.548e+02±1.966e+01,6.3±1.9%,5.523e+02±1.927e+01,6.8±1.4%,5.544e+02±1.936e+01,6.4±1.8%,1.035±0.015,1.045±0.045,1.035±0.015,0.0±0.0%,1.064±0.018,-1013.2±3906.4%,1.063±0.019,-1015.3±3905.8%,1.066±0.016,-1013.6±3906.3%,1.066±0.020,-1097.3±4301.5%,0.000
2026-07-05T18:30:35+01:00,Autogluon_QR+SMS-EMOA,dtlz3,2.899e+04±7.276e-12,2.443e+04±5.403e+03,2.443e+04±5.403e+03,0.0±0.0%,2.511e+04±5.977e+03,-2.4±5.2%,2.511e+04±5.977e+03,-2.4±5.2%,2.511e+04±5.977e+03,-2.4±5.2%,2.512e+04±5.974e+03,-2.5±5.2%,3.415e+02±6.380e+01,5.750e+02±3.897e+00,5.750e+02±3.897e+00,0.0±0.0%,5.390e+02±4.334e+00,6.3±0.3%,5.390e+02±4.334e+00,6.3±0.3%,5.390e+02±4.334e+00,6.3±0.3%,5.390e+02±4.334e+00,6.3±0.3%,1.067±0.001,1.152±0.014,1.067±0.001,0.0±0.0%,1.091±0.001,29.6±5.8%,1.091±0.001,29.6±5.8%,1.091±0.001,29.6±5.8%,1.097±0.002,36.3±7.7%,0.000
2026-07-05T18:39:51+01:00,Autogluon_QR+NSGA-II,dtlz4,3.219e-02±0.000e+00,5.630e-02±1.298e-02,5.630e-02±1.298e-02,0.0±0.0%,6.808e-02±2.397e-02,-18.1±19.3%,6.808e-02±2.397e-02,-18.1±19.3%,6.808e-02±2.397e-02,-18.1±19.3%,6.808e-02±2.397e-02,-18.1±19.3%,5.200e-01±8.755e-03,8.837e-01±8.992e-04,8.837e-01±8.992e-04,0.0±0.0%,6.085e-01±6.962e-03,31.1±0.8%,6.085e-01±6.962e-03,31.1±0.8%,6.085e-01±6.962e-03,31.1±0.8%,6.085e-01±6.962e-03,31.1±0.8%,0.625±0.000,0.766±0.003,0.625±0.000,0.0±0.0%,0.732±0.003,75.7±2.5%,0.732±0.003,75.7±2.5%,0.732±0.003,75.7±2.5%,0.732±0.003,75.8±2.5%,0.000
2026-07-05T18:48:40+01:00,Autogluon_QR+Dual-Ranking+NSGA-II,dtlz4,3.219e-02±0.000e+00,9.220e-02±1.430e-02,9.220e-02±1.430e-02,0.0±0.0%,5.866e-02±2.159e-02,37.3±17.2%,5.866e-02±2.159e-02,37.3±17.2%,5.866e-02±2.159e-02,37.3±17.2%,5.866e-02±2.159e-02,37.3±17.2%,4.153e-01±2.485e-02,8.831e-01±8.215e-04,8.831e-01±8.215e-04,0.0±0.0%,6.250e-01±1.296e-02,29.2±1.5%,6.250e-01±1.296e-02,29.2±1.5%,6.250e-01±1.296e-02,29.2±1.5%,6.250e-01±1.296e-02,29.2±1.5%,0.625±0.000,0.807±0.010,0.625±0.000,0.0±0.0%,0.725±0.005,55.4±4.8%,0.725±0.005,55.4±4.8%,0.725±0.005,55.4±4.8%,0.725±0.005,55.5±4.8%,0.000
2026-07-05T18:58:00+01:00,Autogluon_QR+MOEAD,dtlz4,3.219e-02±0.000e+00,6.050e-02±1.509e-03,6.050e-02±1.509e-03,0.0±0.0%,3.790e-03±7.648e-04,93.8±1.2%,3.790e-03±7.648e-04,93.8±1.2%,3.790e-03±7.648e-04,93.8±1.2%,3.790e-03±7.648e-04,93.8±1.2%,5.196e-01±8.101e-03,8.833e-01±6.361e-04,8.833e-01±6.361e-04,0.0±0.0%,6.113e-01±1.285e-03,30.8±0.1%,6.113e-01±1.285e-03,30.8±0.1%,6.113e-01±1.285e-03,30.8±0.1%,6.113e-01±1.285e-03,30.8±0.1%,0.625±0.000,0.766±0.003,0.625±0.000,0.0±0.0%,0.731±0.000,74.8±1.7%,0.731±0.000,74.8±1.7%,0.731±0.000,74.8±1.7%,0.731±0.000,75.0±1.7%,0.000
2026-07-05T19:07:11+01:00,Autogluon_QR+SMS-EMOA,dtlz4,3.219e-02±0.000e+00,4.732e-02±2.133e-03,4.732e-02±2.133e-03,0.0±0.0%,1.908e-03±3.373e-04,96.0±0.7%,1.908e-03±3.373e-04,96.0±0.7%,1.908e-03±3.373e-04,96.0±0.7%,1.908e-03±3.372e-04,96.0±0.7%,5.269e-01±8.861e-03,8.847e-01±1.016e-03,8.847e-01±1.016e-03,0.0±0.0%,6.110e-01±9.344e-04,30.9±0.0%,6.110e-01±9.344e-04,30.9±0.0%,6.110e-01±9.344e-04,30.9±0.0%,6.110e-01±9.344e-04,30.9±0.0%,0.624±0.000,0.763±0.003,0.624±0.000,0.0±0.0%,0.731±0.000,76.5±1.8%,0.731±0.000,76.5±1.8%,0.731±0.000,76.5±1.8%,0.731±0.000,76.8±1.8%,0.000
2026-07-05T19:25:43+01:00,Autogluon_QR+NSGA-II,dtlz5,2.178e-02±3.469e-18,2.446e-02±2.981e-03,2.446e-02±2.981e-03,0.0±0.0%,1.787e-02±2.583e-03,27.0±3.9%,1.787e-02±2.583e-03,27.0±3.9%,1.787e-02±2.583e-03,27.0±3.9%,1.787e-02±2.583e-03,27.0±3.9%,1.513e-01±2.051e-02,3.890e-01±8.709e-04,3.890e-01±8.709e-04,0.0±0.0%,3.472e-01±3.017e-03,10.7±0.8%,3.472e-01±3.017e-03,10.7±0.8%,3.472e-01±3.017e-03,10.7±0.8%,3.472e-01±3.017e-03,10.7±0.8%,0.949±0.000,1.051±0.007,0.949±0.000,0.0±0.0%,0.979±0.002,29.8±3.4%,0.979±0.002,29.8±3.4%,0.979±0.002,29.8±3.4%,0.979±0.002,30.0±3.6%,0.000
2026-07-05T19:44:01+01:00,Autogluon_QR+Dual-Ranking+NSGA-II,dtlz5,2.178e-02±3.469e-18,5.569e-02±8.280e-03,5.569e-02±8.280e-03,0.0±0.0%,4.445e-02±7.221e-03,20.3±2.0%,4.445e-02±7.221e-03,20.3±2.0%,4.445e-02±7.221e-03,20.3±2.0%,4.445e-02±7.221e-03,20.3±2.0%,1.026e-01±1.794e-02,4.699e-01±1.083e-02,4.699e-01±1.083e-02,0.0±0.0%,4.311e-01±1.045e-02,8.3±0.8%,4.311e-01±1.045e-02,8.3±0.8%,4.311e-01±1.045e-02,8.3±0.8%,4.311e-01±1.045e-02,8.3±0.8%,0.926±0.002,1.065±0.006,0.926±0.002,0.0±0.0%,0.953±0.003,19.2±1.9%,0.953±0.003,19.2±1.9%,0.953±0.003,19.2±1.9%,0.953±0.003,19.3±2.0%,0.000
2026-07-05T20:02:41+01:00,Autogluon_QR+MOEAD,dtlz5,2.178e-02±3.469e-18,2.995e-02±1.534e-02,2.995e-02±1.534e-02,0.0±0.0%,2.448e-02±1.261e-02,18.2±7.1%,2.492e-02±1.316e-02,17.0±9.9%,2.418e-02±1.242e-02,19.1±6.8%,2.448e-02±1.261e-02,18.2±7.1%,2.187e-01±6.096e-02,4.363e-01±3.208e-02,4.363e-01±3.208e-02,0.0±0.0%,4.055e-01±3.505e-02,7.1±2.5%,4.072e-01±3.756e-02,6.8±3.4%,4.039e-01±3.381e-02,7.5±2.3%,4.055e-01±3.505e-02,7.1±2.5%,0.917±0.012,1.016±0.023,0.917±0.012,0.0±0.0%,0.939±0.015,22.8±9.1%,0.937±0.017,21.8±11.3%,0.940±0.015,23.8±8.4%,0.939±0.015,22.8±9.1%,0.000
2026-07-05T20:21:03+01:00,Autogluon_QR+SMS-EMOA,dtlz5,2.178e-02±3.469e-18,2.656e-02±3.792e-03,2.656e-02±3.792e-03,0.0±0.0%,1.883e-02±2.953e-03,29.2±2.5%,1.883e-02±2.953e-03,29.2±2.5%,1.883e-02±2.953e-03,29.2±2.5%,1.883e-02±2.953e-03,29.2±2.5%,1.453e-01±1.608e-02,3.887e-01±6.095e-04,3.887e-01±6.095e-04,0.0±0.0%,3.440e-01±2.591e-03,11.5±0.7%,3.440e-01±2.591e-03,11.5±0.7%,3.440e-01±2.591e-03,11.5±0.7%,3.440e-01±2.591e-03,11.5±0.7%,0.949±0.000,1.054±0.006,0.949±0.000,0.0±0.0%,0.981±0.002,31.0±2.4%,0.981±0.002,31.0±2.4%,0.981±0.002,31.0±2.4%,0.981±0.002,31.2±2.6%,0.000
2026-07-05T20:45:48+01:00,Autogluon_QR+NSGA-II,dtlz6,6.843e-02±1.388e-17,2.797e-01±5.205e-02,2.797e-01±5.205e-02,0.0±0.0%,2.581e-01±4.762e-02,7.5±4.7%,2.523e-01±4.064e-02,9.4±2.6%,2.606e-01±4.742e-02,6.4±8.0%,2.581e-01±4.762e-02,7.5±4.7%,6.585e+00±1.580e-01,7.113e+00±9.199e-03,7.113e+00±9.199e-03,0.0±0.0%,6.983e+00±3.159e-02,1.8±0.4%,6.969e+00±1.011e-02,2.0±0.1%,6.988e+00±4.787e-02,1.8±0.7%,6.983e+00±3.159e-02,1.8±0.4%,0.614±0.001,0.699±0.016,0.614±0.001,0.0±0.0%,0.636±0.005,26.5±7.6%,0.638±0.001,28.9±5.6%,0.635±0.007,25.2±10.2%,0.636±0.005,26.5±7.6%,0.000
2026-07-05T21:10:21+01:00,Autogluon_QR+Dual-Ranking+NSGA-II,dtlz6,6.843e-02±1.388e-17,2.572e-01±3.208e-02,2.572e-01±3.208e-02,0.0±0.0%,2.391e-01±2.332e-02,6.6±4.9%,2.373e-01±2.364e-02,7.4±3.4%,2.391e-01±2.332e-02,6.6±4.9%,2.391e-01±2.332e-02,6.6±4.9%,6.626e+00±1.221e-01,7.130e+00±1.447e-02,7.130e+00±1.447e-02,0.0±0.0%,6.997e+00±2.556e-02,1.9±0.3%,6.992e+00±1.501e-02,1.9±0.1%,6.997e+00±2.556e-02,1.9±0.3%,6.997e+00±2.556e-02,1.9±0.3%,0.611±0.001,0.690±0.014,0.611±0.001,0.0±0.0%,0.633±0.003,28.5±6.1%,0.634±0.001,29.7±5.7%,0.633±0.003,28.5±6.1%,0.633±0.003,28.5±6.1%,0.000
2026-07-05T21:35:04+01:00,Autogluon_QR+MOEAD,dtlz6,6.843e-02±1.388e-17,1.795e-01±2.793e-02,1.795e-01±2.793e-02,0.0±0.0%,1.919e-01±2.647e-02,-7.5±8.6%,1.947e-01±2.662e-02,-9.3±11.1%,1.907e-01±2.777e-02,-6.7±8.4%,1.919e-01±2.647e-02,-7.5±8.6%,7.008e+00±1.670e-01,7.163e+00±2.456e-02,7.163e+00±2.456e-02,0.0±0.0%,7.061e+00±6.314e-02,1.4±0.7%,7.078e+00±8.745e-02,1.2±1.1%,7.041e+00±4.826e-02,1.7±0.4%,7.061e+00±6.314e-02,1.4±0.7%,0.599±0.005,0.634±0.020,0.599±0.005,0.0±0.0%,0.616±0.010,-8.5±238.1%,0.613±0.014,-17.9±237.2%,0.619±0.008,1.1±240.1%,0.616±0.010,-8.5±238.1%,0.000
2026-07-05T21:59:43+01:00,Autogluon_QR+SMS-EMOA,dtlz6,6.843e-02±1.388e-17,2.962e-01±4.241e-02,2.962e-01±4.241e-02,0.0±0.0%,2.639e-01±3.125e-02,10.6±2.7%,2.639e-01±3.125e-02,10.6±2.7%,2.639e-01±3.125e-02,10.6±2.7%,2.639e-01±3.125e-02,10.6±2.7%,6.506e+00±1.244e-01,7.102e+00±7.884e-03,7.102e+00±7.884e-03,0.0±0.0%,6.951e+00±7.981e-03,2.1±0.1%,6.951e+00±7.981e-03,2.1±0.1%,6.951e+00±7.981e-03,2.1±0.1%,6.951e+00±7.981e-03,2.1±0.1%,0.617±0.001,0.710±0.013,0.617±0.001,0.0±0.0%,0.642±0.001,27.2±3.9%,0.642±0.001,27.2±3.9%,0.642±0.001,27.2±3.9%,0.642±0.001,27.2±3.9%,0.000
2026-07-05T22:16:18+01:00,Autogluon_QR+NSGA-II,dtlz7,1.200e-01±1.388e-17,3.144e+00±3.543e-01,3.144e+00±3.543e-01,0.0±0.0%,2.907e+00±3.322e-01,7.6±0.9%,2.907e+00±3.322e-01,7.6±0.9%,2.907e+00±3.322e-01,7.6±0.9%,2.907e+00±3.322e-01,7.6±0.9%,9.073e-02±6.703e-02,3.844e+00±1.112e-03,3.844e+00±1.112e-03,0.0±0.0%,3.723e+00±1.588e-02,3.1±0.4%,3.723e+00±1.581e-02,3.1±0.4%,3.723e+00±1.592e-02,3.1±0.4%,3.723e+00±1.588e-02,3.1±0.4%,0.958±0.000,1.100±0.004,0.958±0.000,0.0±0.0%,0.962±0.002,2.2±1.2%,0.961±0.002,1.5±1.1%,0.962±0.002,2.7±1.7%,0.962±0.002,2.2±1.2%,0.000
2026-07-05T22:32:33+01:00,Autogluon_QR+Dual-Ranking+NSGA-II,dtlz7,1.200e-01±1.388e-17,3.391e+00±6.536e-01,3.391e+00±6.536e-01,0.0±0.0%,3.189e+00±6.240e-01,6.0±0.9%,3.189e+00±6.240e-01,6.0±0.9%,3.189e+00±6.240e-01,6.0±0.9%,3.189e+00±6.240e-01,6.0±0.9%,1.094e-01±7.748e-02,3.844e+00±1.427e-03,3.844e+00±1.427e-03,0.0±0.0%,3.743e+00±1.368e-02,2.6±0.3%,3.743e+00±1.367e-02,2.6±0.3%,3.743e+00±1.369e-02,2.6±0.3%,3.743e+00±1.368e-02,2.6±0.3%,0.958±0.000,1.098±0.005,0.958±0.000,0.0±0.0%,0.959±0.001,0.6±1.0%,0.959±0.001,0.4±0.9%,0.959±0.002,0.7±1.2%,0.959±0.001,0.6±1.0%,0.000
2026-07-05T22:48:42+01:00,Autogluon_QR+MOEAD,dtlz7,1.200e-01±1.388e-17,5.533e+00±8.337e-01,5.533e+00±8.337e-01,0.0±0.0%,5.811e+00±8.156e-01,-5.3±2.3%,5.811e+00±8.156e-01,-5.3±2.3%,5.811e+00±8.156e-01,-5.3±2.3%,5.811e+00±8.156e-01,-5.3±2.3%,3.035e-01±2.194e-01,3.882e+00±6.230e-02,3.882e+00±6.230e-02,0.0±0.0%,3.967e+00±6.763e-02,-2.2±0.7%,3.967e+00±6.763e-02,-2.2±0.7%,3.967e+00±6.763e-02,-2.2±0.7%,3.967e+00±6.763e-02,-2.2±0.7%,0.945±0.003,1.083±0.011,0.945±0.003,0.0±0.0%,0.939±0.003,-4.3±1.0%,0.939±0.003,-4.3±1.0%,0.939±0.003,-4.3±1.0%,0.939±0.003,-4.3±1.0%,0.000
2026-07-05T23:05:00+01:00,Autogluon_QR+SMS-EMOA,dtlz7,1.200e-01±1.388e-17,2.594e+00±3.090e-01,2.594e+00±3.090e-01,0.0±0.0%,2.399e+00±2.983e-01,7.6±1.3%,2.399e+00±2.983e-01,7.6±1.3%,2.399e+00±2.983e-01,7.6±1.3%,2.399e+00±2.983e-01,7.6±1.3%,2.457e-01±9.757e-02,3.845e+00±2.086e-03,3.845e+00±2.086e-03,0.0±0.0%,3.742e+00±1.705e-02,2.7±0.4%,3.742e+00±1.705e-02,2.7±0.4%,3.742e+00±1.705e-02,2.7±0.4%,3.742e+00±1.705e-02,2.7±0.4%,0.958±0.000,1.091±0.006,0.958±0.000,0.0±0.0%,0.959±0.001,0.9±0.5%,0.959±0.001,0.9±0.4%,0.959±0.001,1.0±0.8%,0.959±0.001,0.9±0.5%,0.000
2026-07-05T23:28:17+01:00,Autogluon_QR+NSGA-II,omnitest,2.779e-01±0.000e+00,1.132e-01±3.226e-03,1.132e-01±3.226e-03,0.0±0.0%,1.262e-01±3.699e-03,-11.5±0.7%,9.323e-02±3.300e-03,17.6±0.9%,1.919e-01±4.737e-03,-69.6±2.4%,1.262e-01±3.699e-03,-11.5±0.7%,5.653e-02±3.724e-03,1.928e-01±9.260e-05,1.928e-01±9.260e-05,0.0±0.0%,1.637e-01±1.672e-03,15.1±0.9%,6.037e-02±2.615e-03,68.7±1.4%,2.813e-01±2.427e-03,-45.9±1.3%,1.637e-01±1.672e-03,15.1±0.9%,1.081±0.000,1.142±0.001,1.081±0.000,0.0±0.0%,1.094±0.001,21.5±1.4%,1.139±0.001,94.6±2.4%,1.049±0.001,-51.6±1.8%,1.094±0.001,21.5±1.4%,0.000
2026-07-05T23:51:30+01:00,Autogluon_QR+Dual-Ranking+NSGA-II,omnitest,2.779e-01±0.000e+00,1.324e-01±8.769e-03,1.324e-01±8.769e-03,0.0±0.0%,1.222e-01±8.308e-03,7.6±2.6%,1.222e-01±8.308e-03,7.6±2.6%,1.222e-01±8.308e-03,7.6±2.6%,1.241e-01±8.612e-03,6.2±2.7%,4.549e-02±7.044e-03,1.981e-01±1.365e-03,1.981e-01±1.365e-03,0.0±0.0%,2.284e-02±5.065e-03,88.5±2.5%,2.284e-02±5.065e-03,88.5±2.5%,2.284e-02±5.065e-03,88.5±2.5%,2.284e-02±5.065e-03,88.5±2.5%,1.080±0.000,1.152±0.003,1.080±0.000,0.0±0.0%,1.160±0.003,89.1±6.1%,1.160±0.003,89.1±6.1%,1.160±0.003,89.1±6.1%,1.173±0.006,70.7±9.6%,0.000
2026-07-06T00:14:46+01:00,Autogluon_QR+MOEAD,omnitest,2.779e-01±0.000e+00,1.162e-01±2.093e-02,1.162e-01±2.093e-02,0.0±0.0%,1.257e-01±2.574e-02,-7.9±6.8%,1.072e-01±3.284e-02,8.5±16.6%,1.698e-01±3.338e-02,-46.6±20.1%,1.262e-01±2.665e-02,-8.2±7.6%,8.337e-02±1.334e-02,2.095e-01±2.644e-02,2.095e-01±2.644e-02,0.0±0.0%,1.865e-01±4.252e-02,11.0±14.9%,1.085e-01±6.810e-02,50.2±23.0%,2.753e-01±5.863e-02,-33.7±31.5%,1.865e-01±4.252e-02,11.0±14.9%,1.069±0.018,1.130±0.009,1.069±0.018,0.0±0.0%,1.079±0.026,17.2±18.6%,1.113±0.037,65.6±34.3%,1.045±0.028,-49.4±35.2%,1.080±0.029,17.4±20.4%,0.000
2026-07-06T00:38:00+01:00,Autogluon_QR+SMS-EMOA,omnitest,2.779e-01±0.000e+00,1.148e-01±6.925e-03,1.148e-01±6.925e-03,0.0±0.0%,1.251e-01±7.664e-03,-8.9±1.3%,1.014e-01±8.332e-03,11.8±3.7%,1.699e-01±1.039e-02,-48.1±7.6%,1.251e-01±7.664e-03,-8.9±1.3%,5.868e-02±3.929e-03,1.928e-01±1.568e-04,1.928e-01±1.568e-04,0.0±0.0%,1.744e-01±2.273e-03,9.5±1.2%,8.958e-02±8.628e-03,53.5±4.5%,2.676e-01±9.777e-03,-38.8±5.1%,1.744e-01±2.273e-03,9.5±1.2%,1.081±0.000,1.142±0.002,1.081±0.000,0.0±0.0%,1.089±0.001,13.6±1.9%,1.125±0.004,72.1±6.9%,1.054±0.004,-44.9±6.0%,1.089±0.001,13.6±1.9%,0.000
2026-07-06T00:39:31+01:00,Autogluon_QR+NSGA-II,truss2d,2.657e+12±4.883e-04,1.632e+09±4.321e+08,1.632e+09±4.321e+08,0.0±0.0%,1.991e+09±4.878e+08,-22.9±5.4%,1.991e+09±4.878e+08,-22.9±5.4%,1.991e+09±4.878e+08,-22.9±5.4%,1.991e+09±4.878e+08,-22.9±5.4%,2.217e-02±1.656e-02,2.895e-04±1.462e-05,2.895e-04±1.462e-05,0.0±0.0%,3.196e+03±7.268e+02,-1107938485.2±258866651.5%,3.196e+03±7.268e+02,-1107938485.2±258866651.5%,3.196e+03±7.268e+02,-1107938485.2±258866651.5%,3.196e+03±7.268e+02,-1107938485.2±258866651.5%,1.108±0.001,1.136±0.000,1.108±0.001,0.0±0.0%,1.124±0.002,58.3±5.5%,1.124±0.002,58.3±5.5%,1.124±0.002,58.3±5.5%,1.124±0.002,58.3±5.5%,0.000
2026-07-06T00:40:42+01:00,Autogluon_QR+Dual-Ranking+NSGA-II,truss2d,2.657e+12±4.883e-04,1.643e+09±5.437e+08,1.643e+09±5.437e+08,0.0±0.0%,2.008e+09±6.470e+08,-22.3±6.2%,2.008e+09±6.470e+08,-22.3±6.2%,2.008e+09±6.470e+08,-22.3±6.2%,2.008e+09±6.470e+08,-22.3±6.2%,1.552e-02±7.237e-03,2.927e-04±1.841e-05,2.927e-04±1.841e-05,0.0±0.0%,3.134e+03±9.244e+02,-1067621720.8±314527503.9%,3.134e+03±9.244e+02,-1067621720.8±314527503.9%,3.134e+03±9.244e+02,-1067621720.8±314527503.9%,3.134e+03±9.244e+02,-1067621720.8±314527503.9%,1.108±0.002,1.136±0.000,1.108±0.002,0.0±0.0%,1.124±0.002,55.9±6.1%,1.124±0.002,55.9±6.1%,1.124±0.002,55.9±6.1%,1.124±0.002,55.9±6.1%,0.000
2026-07-06T00:42:02+01:00,Autogluon_QR+MOEAD,truss2d,2.657e+12±4.883e-04,1.872e+07±1.957e+07,1.872e+07±1.957e+07,0.0±0.0%,6.098e+06±2.062e+07,86.2±22.3%,6.098e+06±2.062e+07,86.2±22.3%,6.098e+06±2.062e+07,86.2±22.3%,6.098e+06±2.062e+07,86.2±22.3%,1.027e+02±2.052e+02,3.825e-02±9.221e-03,3.825e-02±9.221e-03,0.0±0.0%,4.354e+01±8.703e+01,-203823.6±415378.7%,4.354e+01±8.703e+01,-203823.9±415379.4%,4.354e+01±8.703e+01,-203823.2±415378.0%,4.354e+01±8.703e+01,-203823.6±415378.7%,0.946±0.086,0.950±0.090,0.946±0.086,0.0±0.0%,0.928±0.085,-572.7±941.9%,0.926±0.085,-629.8±923.4%,0.929±0.085,-656.4±919.5%,0.928±0.085,-572.7±941.9%,0.000
2026-07-06T00:43:19+01:00,Autogluon_QR+SMS-EMOA,truss2d,2.657e+12±4.883e-04,5.922e+08±2.839e+08,5.922e+08±2.839e+08,0.0±0.0%,6.208e+08±3.107e+08,-2.8±7.9%,6.208e+08±3.107e+08,-2.8±7.9%,6.208e+08±3.107e+08,-2.8±7.9%,6.208e+08±3.107e+08,-2.8±7.9%,6.822e+01±1.738e+02,2.251e-04±7.335e-06,2.251e-04±7.335e-06,0.0±0.0%,5.520e+02±2.320e+02,-245990223.3±104945589.8%,5.520e+02±2.320e+02,-245990223.3±104945589.8%,5.520e+02±2.320e+02,-245990223.3±104945589.8%,5.520e+02±2.320e+02,-245990223.3±104945589.8%,1.106±0.003,1.135±0.001,1.106±0.003,0.0±0.0%,1.120±0.003,46.8±4.7%,1.120±0.003,46.8±4.7%,1.120±0.003,46.8±4.7%,1.120±0.003,46.8±4.7%,0.000
2026-07-06T00:48:31+01:00,Autogluon_QR+NSGA-II,welded_beam,4.467e+02±1.705e-13,1.802e+00±1.563e-01,1.802e+00±1.563e-01,0.0±0.0%,3.393e+00±1.128e+00,-90.1±64.2%,4.324e+00±4.777e-01,-139.5±11.1%,3.125e+00±1.511e+00,-76.3±85.1%,3.393e+00±1.128e+00,-90.1±64.2%,4.430e-01±1.681e-01,7.041e-01±7.754e-02,7.041e-01±7.754e-02,0.0±0.0%,4.408e-01±2.043e-01,37.7±26.9%,3.071e-01±6.496e-02,56.7±4.6%,5.583e-01±3.845e-01,20.7±54.6%,4.408e-01±2.043e-01,37.7±26.9%,0.589±0.000,0.591±0.001,0.589±0.000,-13.9±58.6%,0.591±0.001,-522.7±1515.8%,0.591±0.000,-1255.2±4092.5%,0.590±0.002,-1353.9±4299.5%,0.591±0.001,-525.4±1557.1%,0.000
2026-07-06T00:53:38+01:00,Autogluon_QR+Dual-Ranking+NSGA-II,welded_beam,4.467e+02±1.705e-13,1.139e+01±6.174e+00,1.139e+01±6.174e+00,0.0±0.0%,1.211e+01±6.530e+00,-13.0±32.5%,1.312e+01±8.233e+00,-19.9±35.2%,1.215e+01±6.436e+00,-13.1±33.8%,1.211e+01±6.530e+00,-13.0±32.5%,2.982e-01±1.274e-01,6.541e-01±5.187e-02,6.541e-01±5.187e-02,0.0±0.0%,8.560e-01±4.122e-01,-30.9±61.2%,1.034e+00±4.897e-01,-58.3±74.3%,7.593e-01±5.207e-01,-16.3±78.9%,8.560e-01±4.122e-01,-30.9±61.2%,0.589±0.000,0.592±0.001,0.589±0.000,-3.1±1.8%,0.589±0.002,-64.2±102.1%,0.588±0.002,-134.4±147.6%,0.589±0.003,-95.4±120.5%,0.589±0.002,-61.3±100.9%,0.025
2026-07-06T00:58:55+01:00,Autogluon_QR+MOEAD,welded_beam,4.467e+02±1.705e-13,7.566e-01±6.937e-01,7.566e-01±6.937e-01,0.0±0.0%,3.557e-01±3.980e-01,-312.8±1037.4%,3.709e-01±3.922e-01,-327.5±1034.1%,3.742e-01±3.959e-01,-337.1±1039.2%,3.557e-01±3.980e-01,-312.8±1037.4%,3.968e-01±1.909e-01,7.195e-01±9.170e-02,7.195e-01±9.170e-02,0.0±0.0%,2.814e-01±1.505e-01,60.8±21.6%,3.001e-01±2.006e-01,57.9±30.1%,2.767e-01±1.677e-01,62.2±18.3%,2.814e-01±1.505e-01,60.8±21.6%,0.589±0.000,0.591±0.001,0.589±0.000,0.5±6.1%,0.592±0.001,-93.0±469.3%,0.592±0.001,-108.1±469.5%,0.592±0.001,-104.1±469.7%,0.592±0.001,-98.8±484.5%,0.000
2026-07-06T01:04:07+01:00,Autogluon_QR+SMS-EMOA,welded_beam,4.467e+02±1.705e-13,2.432e+00±2.536e-01,2.432e+00±2.536e-01,0.0±0.0%,2.512e+00±1.125e+00,-3.0±41.6%,5.166e+00±2.150e+00,-110.9±83.4%,1.267e+00±1.392e+00,47.5±54.4%,2.512e+00±1.125e+00,-3.0±41.6%,5.296e-01±1.824e-01,7.540e-01±1.191e-01,7.540e-01±1.191e-01,0.0±0.0%,7.768e-01±2.575e-01,-3.6±35.7%,4.611e-01±3.260e-01,37.0±49.3%,1.215e+00±3.820e-01,-60.6±46.1%,7.768e-01±2.575e-01,-3.6±35.7%,0.589±0.001,0.590±0.001,0.589±0.001,-7.3±14.3%,0.589±0.001,-183.4±495.0%,0.591±0.002,-349.3±569.3%,0.587±0.002,-536.4±579.8%,0.589±0.001,-176.7±492.6%,0.005
